-- =========================================================================
-- SYSTEM: Football Ticket Booking System Database Setup 
-- DESCRIPTION: Pseudo-DDL  Table Creation & Data Insertion

-- =========================================================================

-- DROP TABLES IF THEY ALREADY EXIST TO PREVENT CONFLICTS
DROP TABLE IF EXISTS Bookings;
DROP TABLE IF EXISTS Matches;
DROP TABLE IF EXISTS Users;

-- =========================================================================
-- 1. CREATE USERS TABLE
-- =========================================================================
create table users(
  user_id serial primary key,
  full_name varchar(255),
  email varchar(255) unique,
  role varchar(50),
  phone_number varchar(20)
)

-- =========================================================================
-- 2. CREATE MATCHES TABLE
-- =========================================================================
create table matches(
  match_id serial primary key,
  fixture varchar(100),
  tournament_category varchar(100),
  base_ticket_price decimal(10,2),
  match_status varchar(50)
)

-- =========================================================================
-- 3. CREATE BOOKINGS TABLE
-- =========================================================================
CREATE TABLE Bookings (
    booking_id serial,
    user_id smallint,
    match_id smallint,
    seat_number varchar(20),
    payment_status varchar(20),
    total_cost decimal(10,2)
);


-- =========================================================================
-- DATA SEEDING: INSERT SAMPLE DATA INTO USERS
-- =========================================================================
INSERT INTO Users (user_id, full_name, email, role, phone_number) VALUES
(1, 'Tanvir Rahman', 'tanvir@mail.com', 'Football Fan', '+8801711111111'),
(2, 'Asif Haque', 'asif@mail.com', 'Football Fan', '+8801722222222'),
(3, 'Sajjad Rahman', 'sajjad@mail.com', 'Ticket Manager', '+8801733333333'),
(4, 'Jannat Ara', 'jannat@mail.com', 'Football Fan', NULL);

-- =========================================================================
-- DATA SEEDING: INSERT SAMPLE DATA INTO MATCHES
-- =========================================================================
INSERT INTO Matches (match_id, fixture, tournament_category, base_ticket_price, match_status) VALUES
(101, 'Real Madrid vs Barcelona', 'Champions League', 150.00, 'Available'),
(102, 'Man City vs Liverpool', 'Premier League', 120.00, 'Selling Fast'),
(103, 'Bayern Munich vs PSG', 'Champions League', 130.00, 'Available'),
(104, 'AC Milan vs Inter Milan', 'Serie A', 90.00, 'Sold Out'),
(105, 'Juventus vs Roma', 'Serie A', 80.00, 'Available');

-- =========================================================================
-- DATA SEEDING: INSERT SAMPLE DATA INTO BOOKINGS
-- =========================================================================
INSERT INTO Bookings (booking_id, user_id, match_id, seat_number, payment_status, total_cost) VALUES
(501, 1, 101, 'A-12', 'Confirmed', 150.00),
(502, 1, 102, 'B-04', 'Confirmed', 120.00),
(503, 2, 101, 'A-13', 'Confirmed', 150.00),
(504, 2, 101, NULL, NULL, 150.00),
(505, 3, 102, 'C-20', 'Pending', 120.00);

-- TODO: delete after complete
select * from matches
select * from bookings
select * from users
  
-- Query 1: Retrieve all upcoming football matches belonging to the 'Champions League' where the match status is 'Available'.
select match_id,fixture,base_ticket_price from matches
where tournament_category='Champions League' 
  and match_status = 'Available'

-- Query 2: Search for all users whose full names start with 'Tanvir' or contain the phrase 'Haque' (case-insensitive).
select user_id,full_name,email from users
where full_name ilike 'Tanvir%' or full_name ilike '%Haque%'

-- Query 3: Retrieve all booking records where the payment status is missing (NULL), replacing the empty result with 'Action Required'..
select booking_id, user_id, match_id, coalesce(payment_status, 'Action Required') as systematic_status from bookings 
where payment_status is null


-- Query 4: Retrieve match booking details along with the User's full name and the scheduled Match fixture teams.


